{
  "GBPUSD_1.33568_resistance": {
    "w": 1,
    "l": 2,
    "first": 1780709839.49789,
    "last": 1780711920.4697497
  },
  "AUDUSD_0.70611_resistance": {
    "w": 4,
    "l": 3,
    "first": 1780710300.6511335,
    "last": 1780832640.1507957
  }
}